latitude,longitude,elevation,utc_offset_seconds,timezone,timezone_abbreviation
51.5,-0.25,69.0,0,Europe/London,GMT

time,temperature_2m (Â°C),precipitation (mm),rain (mm),snowfall (cm),cloudcover (%),windspeed_10m (km/h),windspeed_100m (km/h)
2021-01-01T00:00,-0.2,0.00,0.00,0.00,41,4.8,11.2
2021-01-01T01:00,-0.0,0.00,0.00,0.00,43,5.7,12.7
2021-01-01T02:00,-0.3,0.00,0.00,0.00,43,5.9,12.9
2021-01-01T03:00,-0.7,0.00,0.00,0.00,33,5.6,12.8
2021-01-01T04:00,-0.7,0.00,0.00,0.00,32,5.8,14.3
2021-01-01T05:00,-0.4,0.00,0.00,0.00,41,7.3,16.5
2021-01-01T06:00,-0.7,0.00,0.00,0.00,62,8.6,18.1
2021-01-01T07:00,-0.5,0.00,0.00,0.00,86,9.2,18.5
2021-01-01T08:00,-0.9,0.00,0.00,0.00,100,8.9,17.9
2021-01-01T09:00,-0.9,0.00,0.00,0.00,100,9.2,16.5
2021-01-01T10:00,0.1,0.00,0.00,0.00,81,7.4,11.7
2021-01-01T11:00,0.9,0.00,0.00,0.00,100,8.4,11.3
2021-01-01T12:00,1.5,0.00,0.00,0.00,99,9.7,13.0
2021-01-01T13:00,1.9,0.00,0.00,0.00,100,9.2,12.5
2021-01-01T14:00,2.5,0.00,0.00,0.00,100,9.2,13.0
2021-01-01T15:00,2.9,0.00,0.00,0.00,100,8.4,13.2
2021-01-01T16:00,3.3,0.00,0.00,0.00,100,6.8,13.6
2021-01-01T17:00,3.5,0.00,0.00,0.00,92,7.9,16.3
2021-01-01T18:00,3.7,0.00,0.00,0.00,95,8.4,17.6
2021-01-01T19:00,3.5,0.00,0.00,0.00,100,9.5,19.0
2021-01-01T20:00,3.8,0.20,0.20,0.00,100,10.9,20.5
2021-01-01T21:00,3.8,0.20,0.20,0.00,100,11.5,21.8
2021-01-01T22:00,4.1,0.20,0.20,0.00,100,9.0,17.1
2021-01-01T23:00,4.2,0.10,0.10,0.00,100,10.0,18.5
2021-01-02T00:00,4.3,0.00,0.00,0.00,100,10.7,19.3
2021-01-02T01:00,4.3,0.00,0.00,0.00,100,10.8,19.8
2021-01-02T02:00,4.3,0.00,0.00,0.00,100,11.8,20.8
2021-01-02T03:00,4.2,0.00,0.00,0.00,96,12.2,21.4
2021-01-02T04:00,4.1,0.00,0.00,0.00,90,11.9,21.1
2021-01-02T05:00,3.9,0.00,0.00,0.00,90,12.6,22.0
2021-01-02T06:00,3.7,0.00,0.00,0.00,88,13.9,24.1
2021-01-02T07:00,3.5,0.00,0.00,0.00,75,13.2,22.8
2021-01-02T08:00,3.0,0.00,0.00,0.00,65,11.9,21.4
2021-01-02T09:00,2.5,0.00,0.00,0.00,56,11.3,20.6
2021-01-02T10:00,2.8,0.00,0.00,0.00,66,9.8,18.3
2021-01-02T11:00,3.4,0.00,0.00,0.00,29,9.2,13.4
2021-01-02T12:00,3.7,0.00,0.00,0.00,30,9.2,12.4
2021-01-02T13:00,4.0,0.00,0.00,0.00,36,9.2,12.4
2021-01-02T14:00,4.0,0.00,0.00,0.00,53,9.1,12.8
2021-01-02T15:00,3.6,0.00,0.00,0.00,67,7.3,13.3
2021-01-02T16:00,2.8,0.00,0.00,0.00,74,7.3,15.9
2021-01-02T17:00,2.4,0.00,0.00,0.00,78,8.6,18.2
2021-01-02T18:00,1.9,0.00,0.00,0.00,77,8.5,18.1
2021-01-02T19:00,1.7,0.00,0.00,0.00,68,8.3,18.4
2021-01-02T20:00,1.3,0.00,0.00,0.00,61,9.0,19.5
2021-01-02T21:00,1.0,0.00,0.00,0.00,60,9.7,20.2
2021-01-02T22:00,0.7,0.00,0.00,0.00,73,9.0,18.8
2021-01-02T23:00,0.4,0.00,0.00,0.00,74,9.8,19.8
2021-01-03T00:00,0.4,0.00,0.00,0.00,77,10.7,20.9
2021-01-03T01:00,0.5,0.00,0.00,0.00,77,10.9,21.6
2021-01-03T02:00,0.8,0.00,0.00,0.00,86,10.8,21.8
2021-01-03T03:00,0.8,0.00,0.00,0.00,100,10.4,21.3
2021-01-03T04:00,1.0,0.00,0.00,0.00,100,10.8,21.7
2021-01-03T05:00,1.3,0.00,0.00,0.00,100,11.5,22.0
2021-01-03T06:00,1.5,0.00,0.00,0.00,100,11.6,22.4
2021-01-03T07:00,1.6,0.00,0.00,0.00,88,12.4,23.3
2021-01-03T08:00,1.8,0.00,0.00,0.00,100,12.8,24.7
2021-01-03T09:00,2.6,0.00,0.00,0.00,100,13.7,26.1
2021-01-03T10:00,3.2,0.00,0.00,0.00,77,11.5,21.3
2021-01-03T11:00,4.1,0.00,0.00,0.00,55,13.4,21.3
2021-01-03T12:00,4.6,0.00,0.00,0.00,81,17.8,26.1
2021-01-03T13:00,5.1,0.00,0.00,0.00,100,18.0,28.2
2021-01-03T14:00,5.2,0.00,0.00,0.00,98,16.3,25.7
2021-01-03T15:00,4.8,0.00,0.00,0.00,59,14.7,24.3
2021-01-03T16:00,4.1,0.00,0.00,0.00,23,13.9,24.8
2021-01-03T17:00,3.7,0.00,0.00,0.00,24,13.3,25.7
2021-01-03T18:00,3.8,0.00,0.00,0.00,33,13.0,24.7
2021-01-03T19:00,3.7,0.00,0.00,0.00,59,12.8,25.3
2021-01-03T20:00,3.7,0.00,0.00,0.00,83,14.7,27.5
2021-01-03T21:00,3.8,0.00,0.00,0.00,100,16.4,29.6
2021-01-03T22:00,3.9,0.00,0.00,0.00,100,15.5,28.0
2021-01-03T23:00,3.9,0.00,0.00,0.00,100,16.6,29.0
2021-01-04T00:00,3.8,0.00,0.00,0.00,76,17.1,30.6
2021-01-04T01:00,3.5,0.00,0.00,0.00,47,17.4,31.8
2021-01-04T02:00,3.2,0.00,0.00,0.00,20,17.9,32.7
2021-01-04T03:00,2.7,0.00,0.00,0.00,39,18.7,33.7
2021-01-04T04:00,2.7,0.00,0.00,0.00,67,19.9,35.1
2021-01-04T05:00,2.6,0.00,0.00,0.00,74,20.2,35.4
2021-01-04T06:00,3.0,0.00,0.00,0.00,100,21.3,36.5
2021-01-04T07:00,3.1,0.00,0.00,0.00,100,22.1,37.2
2021-01-04T08:00,3.6,0.10,0.10,0.00,100,22.1,37.1
2021-01-04T09:00,4.2,0.30,0.30,0.00,100,23.0,37.6
2021-01-04T10:00,4.3,0.30,0.30,0.00,100,24.8,38.7
2021-01-04T11:00,4.4,0.40,0.40,0.00,100,25.0,39.4
2021-01-04T12:00,4.5,0.40,0.40,0.00,100,25.9,41.6
2021-01-04T13:00,4.6,0.30,0.30,0.00,100,25.3,40.3
2021-01-04T14:00,4.6,0.20,0.20,0.00,100,24.8,39.5
2021-01-04T15:00,4.5,0.10,0.10,0.00,100,24.2,39.0
2021-01-04T16:00,4.5,0.00,0.00,0.00,100,23.3,38.0
2021-01-04T17:00,4.2,0.00,0.00,0.00,83,22.7,37.9
2021-01-04T18:00,3.8,0.00,0.00,0.00,72,22.6,37.5
2021-01-04T19:00,3.6,0.00,0.00,0.00,73,21.7,36.5
2021-01-04T20:00,3.4,0.00,0.00,0.00,67,20.6,35.5
2021-01-04T21:00,3.2,0.00,0.00,0.00,64,20.4,34.8
2021-01-04T22:00,2.8,0.00,0.00,0.00,48,19.3,33.2
2021-01-04T23:00,2.8,0.00,0.00,0.00,59,19.6,33.4
2021-01-05T00:00,2.8,0.00,0.00,0.00,47,19.8,34.6
2021-01-05T01:00,2.6,0.00,0.00,0.00,32,20.2,35.0
2021-01-05T02:00,2.4,0.00,0.00,0.00,26,20.3,34.7
2021-01-05T03:00,2.2,0.00,0.00,0.00,32,19.6,33.8
2021-01-05T04:00,2.0,0.00,0.00,0.00,25,18.9,32.8
2021-01-05T05:00,1.7,0.00,0.00,0.00,20,18.6,32.8
2021-01-05T06:00,1.6,0.00,0.00,0.00,29,19.3,33.5
2021-01-05T07:00,1.5,0.00,0.00,0.00,32,19.7,34.3
2021-01-05T08:00,1.7,0.00,0.00,0.00,60,20.1,34.8
2021-01-05T09:00,2.2,0.00,0.00,0.00,95,20.9,34.9
2021-01-05T10:00,2.8,0.10,0.10,0.00,100,20.0,33.7
2021-01-05T11:00,3.3,0.10,0.10,0.00,92,20.0,32.0
2021-01-05T12:00,3.7,0.20,0.20,0.00,100,22.0,33.8
2021-01-05T13:00,4.1,0.20,0.20,0.00,100,26.0,40.2
2021-01-05T14:00,4.2,0.20,0.20,0.00,100,22.7,35.7
2021-01-05T15:00,4.1,0.10,0.10,0.00,100,21.3,34.5
2021-01-05T16:00,4.0,0.10,0.10,0.00,100,20.1,32.9
2021-01-05T17:00,3.8,0.00,0.00,0.00,100,19.5,32.7
2021-01-05T18:00,3.7,0.20,0.20,0.00,100,19.3,32.7
2021-01-05T19:00,3.6,0.20,0.20,0.00,100,19.5,32.5
2021-01-05T20:00,3.5,0.20,0.20,0.00,100,19.3,32.1
2021-01-05T21:00,3.6,0.20,0.20,0.00,100,18.6,31.8
2021-01-05T22:00,3.4,0.10,0.10,0.00,99,18.3,31.6
2021-01-05T23:00,3.5,0.10,0.10,0.00,96,18.3,30.9
2021-01-06T00:00,3.5,0.20,0.20,0.00,100,18.2,31.1
2021-01-06T01:00,3.4,0.20,0.20,0.00,100,18.7,31.7
2021-01-06T02:00,3.6,0.00,0.00,0.00,100,18.4,31.1
2021-01-06T03:00,3.6,0.00,0.00,0.00,100,18.2,30.6
2021-01-06T04:00,3.5,0.00,0.00,0.00,100,17.4,29.3
2021-01-06T05:00,3.3,0.00,0.00,0.00,100,16.9,28.7
2021-01-06T06:00,3.3,0.00,0.00,0.00,100,16.0,27.8
2021-01-06T07:00,3.2,0.20,0.10,0.07,100,15.0,25.9
2021-01-06T08:00,3.4,0.00,0.00,0.00,100,14.0,24.6
2021-01-06T09:00,3.5,0.00,0.00,0.00,100,14.2,24.0
2021-01-06T10:00,3.5,0.00,0.00,0.00,100,12.5,24.0
2021-01-06T11:00,4.4,0.00,0.00,0.00,53,13.6,23.5
2021-01-06T12:00,4.7,0.00,0.00,0.00,40,15.3,22.7
2021-01-06T13:00,5.0,0.00,0.00,0.00,36,14.8,21.7
2021-01-06T14:00,5.1,0.00,0.00,0.00,34,14.2,21.6
2021-01-06T15:00,4.8,0.00,0.00,0.00,23,12.4,21.9
2021-01-06T16:00,3.9,0.00,0.00,0.00,19,11.2,22.5
2021-01-06T17:00,2.7,0.00,0.00,0.00,8,10.5,22.7
2021-01-06T18:00,2.1,0.00,0.00,0.00,7,10.4,23.0
2021-01-06T19:00,1.6,0.00,0.00,0.00,28,11.3,23.8
2021-01-06T20:00,1.5,0.00,0.00,0.00,42,11.7,24.5
2021-01-06T21:00,1.2,0.00,0.00,0.00,54,11.9,24.6
2021-01-06T22:00,0.3,0.00,0.00,0.00,81,11.2,23.1
2021-01-06T23:00,0.3,0.00,0.00,0.00,92,11.2,22.8
2021-01-07T00:00,0.5,0.00,0.00,0.00,89,11.2,22.4
2021-01-07T01:00,0.4,0.00,0.00,0.00,88,10.6,21.8
2021-01-07T02:00,0.2,0.00,0.00,0.00,62,10.5,21.6
2021-01-07T03:00,0.0,0.00,0.00,0.00,44,10.2,21.7
2021-01-07T04:00,-0.0,0.00,0.00,0.00,35,10.3,21.5
2021-01-07T05:00,-0.2,0.00,0.00,0.00,61,10.0,20.8
2021-01-07T06:00,-0.3,0.00,0.00,0.00,67,9.9,20.8
2021-01-07T07:00,-0.3,0.00,0.00,0.00,75,10.1,20.4
2021-01-07T08:00,-0.4,0.00,0.00,0.00,75,10.1,20.6
2021-01-07T09:00,-0.5,0.00,0.00,0.00,73,10.3,20.0
2021-01-07T10:00,-0.3,0.00,0.00,0.00,59,9.4,16.3
2021-01-07T11:00,0.4,0.00,0.00,0.00,44,10.7,15.0
2021-01-07T12:00,1.0,0.00,0.00,0.00,18,10.7,14.8
2021-01-07T13:00,1.3,0.00,0.00,0.00,17,10.6,14.7
2021-01-07T14:00,1.5,0.00,0.00,0.00,11,10.8,15.2
2021-01-07T15:00,1.3,0.00,0.00,0.00,21,10.3,17.1
2021-01-07T16:00,0.7,0.00,0.00,0.00,35,10.0,19.8
2021-01-07T17:00,0.0,0.00,0.00,0.00,55,10.2,20.8
2021-01-07T18:00,-0.7,0.00,0.00,0.00,53,10.2,20.4
2021-01-07T19:00,-0.9,0.00,0.00,0.00,68,9.8,19.5
2021-01-07T20:00,-1.2,0.00,0.00,0.00,52,8.7,18.2
2021-01-07T21:00,-1.2,0.00,0.00,0.00,35,8.0,16.6
2021-01-07T22:00,-1.0,0.00,0.00,0.00,23,7.2,15.0
2021-01-07T23:00,-1.0,0.00,0.00,0.00,15,6.6,14.5
2021-01-08T00:00,-1.4,0.00,0.00,0.00,16,6.4,15.1
2021-01-08T01:00,-1.4,0.00,0.00,0.00,30,7.0,16.2
2021-01-08T02:00,-1.3,0.00,0.00,0.00,51,6.2,15.9
2021-01-08T03:00,-1.3,0.00,0.00,0.00,76,6.0,14.8
2021-01-08T04:00,-0.7,0.00,0.00,0.00,81,5.2,13.0
2021-01-08T05:00,-0.4,0.00,0.00,0.00,82,5.1,11.4
2021-01-08T06:00,-0.4,0.00,0.00,0.00,77,3.6,9.2
2021-01-08T07:00,0.3,0.00,0.00,0.00,81,2.2,6.1
2021-01-08T08:00,0.1,0.00,0.00,0.00,77,1.1,2.6
2021-01-08T09:00,0.2,0.00,0.00,0.00,79,1.3,3.2
2021-01-08T10:00,0.5,0.00,0.00,0.00,96,3.9,4.7
2021-01-08T11:00,0.8,0.00,0.00,0.00,97,5.8,6.9
2021-01-08T12:00,1.4,0.00,0.00,0.00,89,6.5,8.3
2021-01-08T13:00,1.8,0.00,0.00,0.00,90,7.7,10.2
2021-01-08T14:00,1.8,0.00,0.00,0.00,91,8.8,12.0
2021-01-08T15:00,1.8,0.00,0.00,0.00,92,7.4,11.7
2021-01-08T16:00,1.1,0.00,0.00,0.00,85,6.3,12.4
2021-01-08T17:00,0.7,0.00,0.00,0.00,73,7.3,14.0
2021-01-08T18:00,-0.1,0.00,0.00,0.00,80,7.7,15.9
2021-01-08T19:00,-0.0,0.00,0.00,0.00,95,7.7,15.0
2021-01-08T20:00,-0.1,0.00,0.00,0.00,100,7.4,15.0
2021-01-08T21:00,-0.1,0.00,0.00,0.00,100,8.7,16.6
2021-01-08T22:00,0.4,0.00,0.00,0.00,59,7.6,16.3
2021-01-08T23:00,0.9,0.00,0.00,0.00,90,8.0,17.4
2021-01-09T00:00,0.8,0.00,0.00,0.00,86,8.7,18.5
2021-01-09T01:00,0.9,0.00,0.00,0.00,82,9.7,19.4
2021-01-09T02:00,1.0,0.00,0.00,0.00,82,9.8,19.1
2021-01-09T03:00,0.7,0.00,0.00,0.00,73,8.9,17.9
2021-01-09T04:00,0.8,0.00,0.00,0.00,71,8.4,17.4
2021-01-09T05:00,0.8,0.00,0.00,0.00,69,8.8,17.9
2021-01-09T06:00,0.8,0.00,0.00,0.00,71,8.6,17.6
2021-01-09T07:00,0.3,0.00,0.00,0.00,55,7.4,16.4
2021-01-09T08:00,-0.0,0.00,0.00,0.00,57,7.1,15.4
2021-01-09T09:00,0.2,0.00,0.00,0.00,58,7.9,15.5
2021-01-09T10:00,0.7,0.00,0.00,0.00,86,7.1,11.1
2021-01-09T11:00,1.5,0.00,0.00,0.00,85,6.9,8.1
2021-01-09T12:00,2.1,0.00,0.00,0.00,84,7.0,9.1
2021-01-09T13:00,2.5,0.00,0.00,0.00,78,5.9,7.7
2021-01-09T14:00,2.9,0.00,0.00,0.00,64,4.9,6.7
2021-01-09T15:00,2.5,0.00,0.00,0.00,70,3.9,5.2
2021-01-09T16:00,1.6,0.00,0.00,0.00,61,3.0,4.6
2021-01-09T17:00,0.4,0.00,0.00,0.00,65,2.7,3.6
2021-01-09T18:00,-0.0,0.00,0.00,0.00,61,3.5,3.4
2021-01-09T19:00,-0.4,0.00,0.00,0.00,57,6.1,6.6
2021-01-09T20:00,-0.9,0.00,0.00,0.00,61,6.8,10.3
2021-01-09T21:00,-0.5,0.00,0.00,0.00,75,7.6,14.4
2021-01-09T22:00,0.1,0.00,0.00,0.00,78,7.3,15.1
2021-01-09T23:00,0.3,0.00,0.00,0.00,77,8.3,17.9
2021-01-10T00:00,0.1,0.00,0.00,0.00,65,8.8,17.8
2021-01-10T01:00,0.2,0.00,0.00,0.00,64,8.6,16.9
2021-01-10T02:00,-0.2,0.00,0.00,0.00,52,9.0,17.6
2021-01-10T03:00,-0.9,0.00,0.00,0.00,40,9.4,18.2
2021-01-10T04:00,-1.0,0.00,0.00,0.00,23,9.4,18.7
2021-01-10T05:00,-1.5,0.00,0.00,0.00,26,9.4,18.9
2021-01-10T06:00,-1.5,0.00,0.00,0.00,53,9.7,19.8
2021-01-10T07:00,-1.3,0.00,0.00,0.00,69,10.1,19.4
2021-01-10T08:00,-0.9,0.00,0.00,0.00,83,9.9,18.8
2021-01-10T09:00,-0.8,0.00,0.00,0.00,81,10.2,18.3
2021-01-10T10:00,-0.2,0.00,0.00,0.00,84,8.7,15.3
2021-01-10T11:00,0.4,0.00,0.00,0.00,73,10.2,14.5
2021-01-10T12:00,1.3,0.00,0.00,0.00,65,10.5,14.8
2021-01-10T13:00,2.1,0.00,0.00,0.00,67,10.4,14.7
2021-01-10T14:00,2.6,0.00,0.00,0.00,70,9.9,14.4
2021-01-10T15:00,2.9,0.00,0.00,0.00,57,9.4,16.0
2021-01-10T16:00,2.6,0.00,0.00,0.00,20,8.8,18.0
2021-01-10T17:00,2.6,0.00,0.00,0.00,53,10.5,22.0
2021-01-10T18:00,2.3,0.00,0.00,0.00,49,10.8,22.9
2021-01-10T19:00,2.3,0.00,0.00,0.00,24,9.9,20.9
2021-01-10T20:00,2.0,0.00,0.00,0.00,21,10.5,22.0
2021-01-10T21:00,2.2,0.00,0.00,0.00,46,11.5,23.3
2021-01-10T22:00,2.6,0.00,0.00,0.00,100,11.9,23.8
2021-01-10T23:00,2.8,0.00,0.00,0.00,99,11.6,23.9
2021-01-11T00:00,2.8,0.00,0.00,0.00,100,12.9,25.4
2021-01-11T01:00,3.2,0.00,0.00,0.00,100,13.8,26.9
2021-01-11T02:00,3.7,0.00,0.00,0.00,100,14.8,27.7
2021-01-11T03:00,4.1,0.00,0.00,0.00,100,14.7,27.1
2021-01-11T04:00,4.7,0.00,0.00,0.00,100,14.4,27.2
2021-01-11T05:00,4.6,0.00,0.00,0.00,100,15.0,27.6
2021-01-11T06:00,4.8,0.00,0.00,0.00,49,15.5,28.8
2021-01-11T07:00,4.5,0.00,0.00,0.00,58,16.0,30.0
2021-01-11T08:00,4.6,0.00,0.00,0.00,58,16.8,31.3
2021-01-11T09:00,4.8,0.00,0.00,0.00,59,17.7,31.6
2021-01-11T10:00,5.9,0.00,0.00,0.00,75,18.4,30.9
2021-01-11T11:00,6.6,0.00,0.00,0.00,43,17.1,33.8
2021-01-11T12:00,7.5,0.00,0.00,0.00,92,24.1,36.3
2021-01-11T13:00,7.9,0.00,0.00,0.00,100,25.4,41.2
2021-01-11T14:00,8.2,0.00,0.00,0.00,95,26.2,41.6
2021-01-11T15:00,8.2,0.00,0.00,0.00,73,24.7,40.7
2021-01-11T16:00,7.9,0.00,0.00,0.00,91,23.4,39.6
2021-01-11T17:00,7.8,0.00,0.00,0.00,100,23.1,39.3
2021-01-11T18:00,8.0,0.00,0.00,0.00,100,23.6,39.3
2021-01-11T19:00,8.1,0.00,0.00,0.00,100,23.9,39.3
2021-01-11T20:00,8.1,0.00,0.00,0.00,100,24.9,40.3
2021-01-11T21:00,8.2,0.10,0.10,0.00,100,25.8,41.8
2021-01-11T22:00,8.2,0.10,0.10,0.00,100,26.1,42.9
2021-01-11T23:00,8.2,0.80,0.80,0.00,100,26.0,42.8
2021-01-12T00:00,8.4,0.30,0.30,0.00,100,26.8,43.6
2021-01-12T01:00,8.7,0.60,0.60,0.00,100,27.6,44.4
2021-01-12T02:00,9.0,0.80,0.80,0.00,100,29.2,46.6
2021-01-12T03:00,9.0,0.70,0.70,0.00,100,29.4,47.4
2021-01-12T04:00,9.1,0.40,0.40,0.00,100,27.6,44.8
2021-01-12T05:00,8.9,0.30,0.30,0.00,100,24.5,40.3
2021-01-12T06:00,8.9,0.20,0.20,0.00,100,22.1,36.8
2021-01-12T07:00,8.9,0.40,0.40,0.00,100,19.7,33.0
2021-01-12T08:00,8.7,0.20,0.20,0.00,100,17.5,29.8
2021-01-12T09:00,8.2,0.20,0.20,0.00,100,17.1,28.8
2021-01-12T10:00,8.1,0.00,0.00,0.00,100,12.7,21.2
2021-01-12T11:00,7.9,0.00,0.00,0.00,100,10.8,17.4
2021-01-12T12:00,7.6,0.00,0.00,0.00,91,10.7,16.5
2021-01-12T13:00,7.1,0.00,0.00,0.00,91,10.5,15.9
2021-01-12T14:00,6.3,0.00,0.00,0.00,96,9.5,14.9
2021-01-12T15:00,5.9,0.00,0.00,0.00,74,9.3,14.4
2021-01-12T16:00,5.1,0.00,0.00,0.00,61,8.1,16.8
2021-01-12T17:00,4.1,0.00,0.00,0.00,64,8.1,17.8
2021-01-12T18:00,3.3,0.00,0.00,0.00,66,8.1,18.5
2021-01-12T19:00,2.8,0.00,0.00,0.00,65,6.5,16.5
2021-01-12T20:00,2.0,0.00,0.00,0.00,80,5.2,13.9
2021-01-12T21:00,1.3,0.00,0.00,0.00,85,6.1,11.8
2021-01-12T22:00,1.1,0.00,0.00,0.00,83,7.2,8.3
2021-01-12T23:00,1.3,0.00,0.00,0.00,65,5.8,10.8
2021-01-13T00:00,1.3,0.00,0.00,0.00,55,6.3,14.0
2021-01-13T01:00,0.9,0.00,0.00,0.00,46,6.0,15.6
2021-01-13T02:00,0.7,0.00,0.00,0.00,60,6.0,15.5
2021-01-13T03:00,1.2,0.00,0.00,0.00,34,7.5,19.2
2021-01-13T04:00,1.8,0.00,0.00,0.00,96,7.4,19.0
2021-01-13T05:00,2.2,0.00,0.00,0.00,100,9.2,20.8
2021-01-13T06:00,2.8,0.10,0.10,0.00,100,10.6,22.1
2021-01-13T07:00,3.4,0.20,0.20,0.00,100,10.9,21.6
2021-01-13T08:00,3.9,0.30,0.30,0.00,100,10.0,20.3
2021-01-13T09:00,4.3,0.30,0.30,0.00,100,9.5,18.8
2021-01-13T10:00,5.4,0.70,0.70,0.00,100,9.4,18.2
2021-01-13T11:00,6.1,0.60,0.60,0.00,100,10.2,19.5
2021-01-13T12:00,6.9,0.50,0.50,0.00,100,11.9,21.4
2021-01-13T13:00,7.7,0.30,0.30,0.00,100,13.3,23.1
2021-01-13T14:00,8.4,0.20,0.20,0.00,100,12.8,23.0
2021-01-13T15:00,8.8,0.60,0.60,0.00,100,11.4,21.6
2021-01-13T16:00,9.1,0.30,0.30,0.00,100,9.7,19.5
2021-01-13T17:00,9.2,0.00,0.00,0.00,100,10.4,20.6
2021-01-13T18:00,9.1,0.00,0.00,0.00,100,11.9,22.0
2021-01-13T19:00,8.8,0.00,0.00,0.00,100,13.9,24.6
2021-01-13T20:00,8.6,0.00,0.00,0.00,100,15.5,26.8
2021-01-13T21:00,8.6,0.00,0.00,0.00,100,16.2,28.1
2021-01-13T22:00,9.1,0.70,0.70,0.00,100,14.0,25.6
2021-01-13T23:00,9.0,0.50,0.50,0.00,100,11.0,20.9
2021-01-14T00:00,8.9,1.10,1.10,0.00,100,13.0,23.2
2021-01-14T01:00,8.8,1.80,1.80,0.00,100,11.4,21.7
2021-01-14T02:00,8.7,1.70,1.70,0.00,100,7.2,15.8
2021-01-14T03:00,8.8,1.50,1.50,0.00,100,2.5,10.5
2021-01-14T04:00,8.9,1.40,1.40,0.00,100,4.2,8.7
2021-01-14T05:00,8.7,1.60,1.60,0.00,100,4.3,11.2
2021-01-14T06:00,8.1,2.20,2.20,0.00,100,4.4,10.9
2021-01-14T07:00,8.1,2.50,2.50,0.00,100,5.1,9.1
2021-01-14T08:00,7.8,2.80,2.80,0.00,100,8.1,12.8
2021-01-14T09:00,7.1,2.60,2.60,0.00,100,11.9,19.4
2021-01-14T10:00,6.6,1.80,1.80,0.00,100,14.1,23.2
2021-01-14T11:00,5.8,1.00,1.00,0.00,100,15.2,25.3
2021-01-14T12:00,5.0,0.80,0.80,0.00,100,13.5,22.3
2021-01-14T13:00,4.5,0.60,0.60,0.00,100,10.1,15.9
2021-01-14T14:00,4.4,0.40,0.40,0.00,100,11.8,16.8
2021-01-14T15:00,3.5,0.40,0.40,0.00,100,15.0,22.0
2021-01-14T16:00,2.9,0.40,0.40,0.00,100,15.6,24.2
2021-01-14T17:00,2.7,0.30,0.30,0.00,100,15.7,24.7
2021-01-14T18:00,2.6,0.30,0.30,0.00,100,15.0,24.9
2021-01-14T19:00,2.6,0.10,0.10,0.00,100,15.5,25.0
2021-01-14T20:00,2.7,0.00,0.00,0.00,100,15.5,25.6
2021-01-14T21:00,2.7,0.00,0.00,0.00,100,14.8,25.8
2021-01-14T22:00,2.4,0.00,0.00,0.00,95,14.8,25.3
2021-01-14T23:00,2.0,0.00,0.00,0.00,40,13.7,25.2
2021-01-15T00:00,1.6,0.00,0.00,0.00,38,12.6,24.3
2021-01-15T01:00,1.4,0.00,0.00,0.00,13,12.2,22.9
2021-01-15T02:00,1.0,0.00,0.00,0.00,21,11.9,23.1
2021-01-15T03:00,1.0,0.00,0.00,0.00,30,11.9,23.6
2021-01-15T04:00,1.0,0.00,0.00,0.00,34,11.9,23.0
2021-01-15T05:00,0.8,0.00,0.00,0.00,41,10.8,22.3
2021-01-15T06:00,1.0,0.00,0.00,0.00,38,10.4,21.3
2021-01-15T07:00,1.1,0.00,0.00,0.00,54,9.4,19.4
2021-01-15T08:00,1.3,0.00,0.00,0.00,65,8.6,18.1
2021-01-15T09:00,1.5,0.00,0.00,0.00,68,9.0,16.6
2021-01-15T10:00,2.0,0.00,0.00,0.00,100,7.3,12.0
2021-01-15T11:00,2.5,0.00,0.00,0.00,100,6.6,9.1
2021-01-15T12:00,3.0,0.00,0.00,0.00,99,5.2,6.7
2021-01-15T13:00,3.4,0.00,0.00,0.00,67,4.3,5.6
2021-01-15T14:00,3.6,0.00,0.00,0.00,72,3.9,5.0
2021-01-15T15:00,3.6,0.00,0.00,0.00,71,2.4,3.1
2021-01-15T16:00,3.7,0.00,0.00,0.00,75,2.0,2.3
2021-01-15T17:00,3.1,0.00,0.00,0.00,68,5.3,6.0
2021-01-15T18:00,1.6,0.00,0.00,0.00,53,5.2,6.3
2021-01-15T19:00,0.5,0.00,0.00,0.00,57,7.5,13.0
2021-01-15T20:00,0.1,0.00,0.00,0.00,65,7.6,18.3
2021-01-15T21:00,0.4,0.00,0.00,0.00,68,9.7,21.5
2021-01-15T22:00,1.2,0.00,0.00,0.00,75,11.0,23.1
2021-01-15T23:00,1.6,0.00,0.00,0.00,57,13.1,25.6
2021-01-16T00:00,2.1,0.00,0.00,0.00,100,14.8,27.4
2021-01-16T01:00,2.5,0.00,0.00,0.00,100,16.6,29.6
2021-01-16T02:00,2.7,0.00,0.00,0.00,100,18.0,31.3
2021-01-16T03:00,2.6,0.20,0.20,0.00,88,18.8,32.0
2021-01-16T04:00,2.4,0.00,0.00,0.00,75,19.8,33.9
2021-01-16T05:00,2.0,0.20,0.10,0.07,90,21.2,36.0
2021-01-16T06:00,1.6,0.50,0.10,0.28,100,23.5,39.3
2021-01-16T07:00,1.4,1.10,0.20,0.63,100,24.2,40.3
2021-01-16T08:00,1.7,1.20,0.50,0.49,100,24.9,41.4
2021-01-16T09:00,2.8,1.00,0.90,0.07,100,25.6,41.8
2021-01-16T10:00,4.0,0.80,0.80,0.00,100,23.9,39.4
2021-01-16T11:00,5.1,0.70,0.70,0.00,100,24.0,38.9
2021-01-16T12:00,5.8,0.50,0.50,0.00,100,19.8,33.3
2021-01-16T13:00,6.3,0.20,0.20,0.00,100,13.0,23.7
2021-01-16T14:00,7.3,0.00,0.00,0.00,95,12.5,22.4
2021-01-16T15:00,7.8,0.00,0.00,0.00,89,15.5,26.9
2021-01-16T16:00,7.5,0.00,0.00,0.00,67,12.7,25.1
2021-01-16T17:00,7.3,0.00,0.00,0.00,93,10.2,22.7
2021-01-16T18:00,7.4,0.00,0.00,0.00,100,12.1,24.7
2021-01-16T19:00,7.4,0.00,0.00,0.00,94,14.2,27.1
2021-01-16T20:00,7.3,0.00,0.00,0.00,100,13.8,26.9
2021-01-16T21:00,6.9,0.00,0.00,0.00,100,13.6,26.7
2021-01-16T22:00,6.7,0.00,0.00,0.00,46,14.1,27.7
2021-01-16T23:00,6.5,0.00,0.00,0.00,84,15.5,29.5
2021-01-17T00:00,6.5,0.00,0.00,0.00,89,16.2,30.5
2021-01-17T01:00,6.2,0.00,0.00,0.00,70,16.9,30.9
2021-01-17T02:00,5.9,0.00,0.00,0.00,39,17.2,30.9
2021-01-17T03:00,5.8,0.00,0.00,0.00,45,18.0,32.0
2021-01-17T04:00,5.6,0.00,0.00,0.00,53,18.7,32.9
2021-01-17T05:00,5.2,0.00,0.00,0.00,62,19.1,34.0
2021-01-17T06:00,5.0,0.00,0.00,0.00,0,18.8,33.7
2021-01-17T07:00,4.4,0.00,0.00,0.00,0,18.5,33.2
2021-01-17T08:00,4.1,0.00,0.00,0.00,0,17.8,32.3
2021-01-17T09:00,4.3,0.00,0.00,0.00,1,18.1,31.8
2021-01-17T10:00,5.4,0.00,0.00,0.00,1,16.1,28.8
2021-01-17T11:00,6.4,0.00,0.00,0.00,8,16.4,25.6
2021-01-17T12:00,7.1,0.00,0.00,0.00,20,17.9,26.1
2021-01-17T13:00,7.4,0.00,0.00,0.00,72,20.7,29.9
2021-01-17T14:00,7.3,0.00,0.00,0.00,100,18.4,27.6
2021-01-17T15:00,7.1,0.00,0.00,0.00,77,14.3,23.6
2021-01-17T16:00,6.6,0.00,0.00,0.00,100,13.2,23.7
2021-01-17T17:00,5.8,0.00,0.00,0.00,100,12.5,22.9
2021-01-17T18:00,5.2,0.00,0.00,0.00,100,11.3,22.0
2021-01-17T19:00,4.8,0.00,0.00,0.00,100,10.8,22.3
2021-01-17T20:00,4.7,0.00,0.00,0.00,87,11.7,23.4
2021-01-17T21:00,4.4,0.00,0.00,0.00,45,12.7,25.2
2021-01-17T22:00,3.9,0.00,0.00,0.00,83,13.0,25.4
2021-01-17T23:00,3.7,0.00,0.00,0.00,65,12.2,24.9
2021-01-18T00:00,2.9,0.00,0.00,0.00,8,12.3,25.3
2021-01-18T01:00,2.6,0.00,0.00,0.00,16,12.9,26.6
2021-01-18T02:00,2.6,0.00,0.00,0.00,22,13.6,27.3
2021-01-18T03:00,2.3,0.00,0.00,0.00,2,13.7,27.7
2021-01-18T04:00,2.2,0.00,0.00,0.00,5,14.1,28.7
2021-01-18T05:00,2.0,0.00,0.00,0.00,19,14.2,28.7
2021-01-18T06:00,2.0,0.00,0.00,0.00,46,14.7,28.9
2021-01-18T07:00,2.0,0.00,0.00,0.00,77,14.5,28.7
2021-01-18T08:00,2.6,0.00,0.00,0.00,100,14.3,27.8
2021-01-18T09:00,3.2,0.00,0.00,0.00,98,14.9,27.2
2021-01-18T10:00,4.3,0.00,0.00,0.00,100,17.1,24.8
2021-01-18T11:00,5.4,0.00,0.00,0.00,100,19.8,28.5
2021-01-18T12:00,6.2,0.00,0.00,0.00,100,21.0,33.2
2021-01-18T13:00,6.6,0.00,0.00,0.00,100,19.3,32.8
2021-01-18T14:00,6.7,0.00,0.00,0.00,100,17.5,27.9
2021-01-18T15:00,6.9,0.00,0.00,0.00,100,16.8,27.4
2021-01-18T16:00,6.8,0.00,0.00,0.00,100,17.6,30.1
2021-01-18T17:00,6.7,0.00,0.00,0.00,100,17.6,31.3
2021-01-18T18:00,6.7,0.10,0.10,0.00,100,19.3,33.7
2021-01-18T19:00,7.2,0.00,0.00,0.00,100,21.6,36.6
2021-01-18T20:00,7.5,0.00,0.00,0.00,100,24.3,40.4
2021-01-18T21:00,7.7,0.60,0.60,0.00,100,25.0,41.0
2021-01-18T22:00,7.8,1.00,1.00,0.00,100,21.9,36.3
2021-01-18T23:00,8.1,1.20,1.20,0.00,100,23.7,39.0
2021-01-19T00:00,9.0,0.50,0.50,0.00,100,26.9,43.0
2021-01-19T01:00,9.6,0.20,0.20,0.00,100,30.9,47.4
2021-01-19T02:00,9.8,0.30,0.30,0.00,100,30.2,48.0
2021-01-19T03:00,10.1,0.70,0.70,0.00,100,30.6,49.1
2021-01-19T04:00,10.6,0.40,0.40,0.00,100,29.8,48.3
2021-01-19T05:00,10.9,0.20,0.20,0.00,100,29.0,47.1
2021-01-19T06:00,11.1,0.00,0.00,0.00,100,28.9,47.3
2021-01-19T07:00,11.1,0.10,0.10,0.00,100,28.5,46.7
2021-01-19T08:00,10.8,0.00,0.00,0.00,100,29.0,46.6
2021-01-19T09:00,10.6,0.20,0.20,0.00,100,28.0,45.3
2021-01-19T10:00,11.0,0.30,0.30,0.00,100,27.1,43.6
2021-01-19T11:00,11.1,0.10,0.10,0.00,100,26.0,41.3
2021-01-19T12:00,11.0,0.00,0.00,0.00,96,25.7,41.0
2021-01-19T13:00,10.6,0.00,0.00,0.00,100,27.5,43.5
2021-01-19T14:00,10.3,0.00,0.00,0.00,100,27.0,42.5
2021-01-19T15:00,10.0,0.00,0.00,0.00,100,26.8,43.0
2021-01-19T16:00,10.0,0.20,0.20,0.00,100,29.4,47.0
2021-01-19T17:00,10.0,0.00,0.00,0.00,100,31.0,49.6
2021-01-19T18:00,10.0,0.00,0.00,0.00,100,31.5,50.6
2021-01-19T19:00,9.8,0.00,0.00,0.00,100,32.5,51.7
2021-01-19T20:00,9.9,0.00,0.00,0.00,100,32.4,51.7
2021-01-19T21:00,10.0,0.00,0.00,0.00,100,33.2,52.9
2021-01-19T22:00,10.2,0.00,0.00,0.00,100,30.9,49.3
2021-01-19T23:00,10.4,0.00,0.00,0.00,100,30.2,48.0
2021-01-20T00:00,10.5,0.00,0.00,0.00,100,30.3,48.0
2021-01-20T01:00,10.4,0.30,0.30,0.00,100,30.6,48.9
2021-01-20T02:00,10.3,0.30,0.30,0.00,100,30.9,49.6
2021-01-20T03:00,10.1,0.60,0.60,0.00,100,31.7,50.9
2021-01-20T04:00,10.0,0.60,0.60,0.00,100,32.0,51.3
2021-01-20T05:00,10.2,1.00,1.00,0.00,100,30.9,49.6
2021-01-20T06:00,10.3,0.30,0.30,0.00,100,29.8,47.8
2021-01-20T07:00,10.4,0.20,0.20,0.00,100,30.2,48.6
2021-01-20T08:00,10.1,0.30,0.30,0.00,100,30.8,49.1
2021-01-20T09:00,9.7,0.50,0.50,0.00,100,31.9,50.8
2021-01-20T10:00,10.0,0.30,0.30,0.00,100,30.3,48.6
2021-01-20T11:00,10.2,0.20,0.20,0.00,100,31.7,50.8
2021-01-20T12:00,10.1,0.00,0.00,0.00,100,32.1,51.1
2021-01-20T13:00,10.0,0.00,0.00,0.00,100,31.5,50.4
2021-01-20T14:00,10.0,0.00,0.00,0.00,100,31.1,49.6
2021-01-20T15:00,9.9,0.20,0.20,0.00,100,31.3,50.3
2021-01-20T16:00,9.8,0.20,0.20,0.00,100,31.1,50.0
2021-01-20T17:00,9.7,0.00,0.00,0.00,100,31.1,50.0
2021-01-20T18:00,9.9,0.10,0.10,0.00,100,32.0,51.4
2021-01-20T19:00,10.0,0.70,0.70,0.00,100,34.2,55.2
2021-01-20T20:00,9.9,0.10,0.10,0.00,100,35.3,57.0
2021-01-20T21:00,9.8,0.90,0.90,0.00,100,36.7,58.7
2021-01-20T22:00,9.1,0.80,0.80,0.00,100,33.5,53.7
2021-01-20T23:00,9.0,1.00,1.00,0.00,100,34.6,55.3
2021-01-21T00:00,8.7,1.60,1.60,0.00,80,35.6,55.2
2021-01-21T01:00,5.4,0.20,0.20,0.00,79,40.1,62.4
2021-01-21T02:00,4.6,0.00,0.00,0.00,89,32.0,50.6
2021-01-21T03:00,4.3,0.00,0.00,0.00,19,31.6,50.3
2021-01-21T04:00,4.2,0.00,0.00,0.00,0,28.8,47.2
2021-01-21T05:00,4.2,0.00,0.00,0.00,5,27.4,45.3
2021-01-21T06:00,4.4,0.00,0.00,0.00,8,27.8,46.0
2021-01-21T07:00,4.7,0.00,0.00,0.00,31,28.8,47.2
2021-01-21T08:00,5.1,0.00,0.00,0.00,14,29.0,47.8
2021-01-21T09:00,5.8,0.00,0.00,0.00,20,28.9,47.2
2021-01-21T10:00,6.7,0.00,0.00,0.00,32,29.0,45.7
2021-01-21T11:00,7.4,0.00,0.00,0.00,59,31.6,48.5
2021-01-21T12:00,7.8,0.00,0.00,0.00,55,30.4,46.2
2021-01-21T13:00,8.1,0.00,0.00,0.00,100,27.5,41.0
2021-01-21T14:00,8.0,0.00,0.00,0.00,94,23.7,36.1
2021-01-21T15:00,7.6,0.00,0.00,0.00,91,18.8,30.2
2021-01-21T16:00,7.2,0.00,0.00,0.00,93,13.6,23.7
2021-01-21T17:00,6.6,0.00,0.00,0.00,95,10.3,19.4
2021-01-21T18:00,6.2,0.10,0.10,0.00,100,7.9,17.3
2021-01-21T19:00,5.8,0.10,0.10,0.00,78,9.5,19.4
2021-01-21T20:00,5.5,0.10,0.10,0.00,58,11.4,22.8
2021-01-21T21:00,5.1,0.00,0.00,0.00,34,13.6,25.7
2021-01-21T22:00,4.4,0.00,0.00,0.00,43,14.9,28.9
2021-01-21T23:00,3.5,0.00,0.00,0.00,44,15.7,31.0
2021-01-22T00:00,3.0,0.00,0.00,0.00,45,15.4,30.0
2021-01-22T01:00,2.5,0.00,0.00,0.00,38,14.9,28.8
2021-01-22T02:00,2.1,0.00,0.00,0.00,8,14.2,27.0
2021-01-22T03:00,1.8,0.00,0.00,0.00,3,13.4,26.6
2021-01-22T04:00,1.4,0.00,0.00,0.00,14,12.9,26.1
2021-01-22T05:00,1.3,0.00,0.00,0.00,25,12.2,25.9
2021-01-22T06:00,1.0,0.00,0.00,0.00,26,12.3,26.0
2021-01-22T07:00,0.8,0.00,0.00,0.00,24,12.2,25.4
2021-01-22T08:00,0.7,0.00,0.00,0.00,17,11.8,24.7
2021-01-22T09:00,0.9,0.00,0.00,0.00,7,12.2,23.7
2021-01-22T10:00,2.7,0.00,0.00,0.00,2,11.6,21.1
2021-01-22T11:00,4.5,0.00,0.00,0.00,2,11.8,17.6
2021-01-22T12:00,6.0,0.00,0.00,0.00,3,11.8,16.8
2021-01-22T13:00,7.0,0.00,0.00,0.00,7,12.2,17.0
2021-01-22T14:00,7.2,0.00,0.00,0.00,28,13.0,18.2
2021-01-22T15:00,7.1,0.00,0.00,0.00,29,11.5,18.6
2021-01-22T16:00,6.1,0.00,0.00,0.00,44,9.8,19.5
2021-01-22T17:00,5.0,0.00,0.00,0.00,51,10.0,21.4
2021-01-22T18:00,4.3,0.00,0.00,0.00,58,10.5,22.7
2021-01-22T19:00,3.8,0.40,0.40,0.00,68,9.8,22.2
2021-01-22T20:00,3.8,0.30,0.30,0.00,70,9.5,21.6
2021-01-22T21:00,3.4,0.20,0.20,0.00,65,10.5,22.8
2021-01-22T22:00,3.5,0.00,0.00,0.00,80,13.7,25.1
2021-01-22T23:00,3.5,0.00,0.00,0.00,86,16.1,27.9
2021-01-23T00:00,3.4,0.00,0.00,0.00,70,15.5,26.3
2021-01-23T01:00,2.9,0.00,0.00,0.00,67,12.3,22.4
2021-01-23T02:00,2.0,0.00,0.00,0.00,79,11.3,22.3
2021-01-23T03:00,1.3,0.00,0.00,0.00,86,9.3,20.1
2021-01-23T04:00,0.6,0.00,0.00,0.00,54,8.4,18.3
2021-01-23T05:00,-0.1,0.00,0.00,0.00,49,7.0,16.0
2021-01-23T06:00,-0.7,0.00,0.00,0.00,43,5.4,13.0
2021-01-23T07:00,-1.0,0.00,0.00,0.00,64,4.6,11.0
2021-01-23T08:00,-0.9,0.00,0.00,0.00,75,4.7,10.2
2021-01-23T09:00,-0.5,0.00,0.00,0.00,64,4.9,9.4
2021-01-23T10:00,0.0,0.00,0.00,0.00,100,5.5,7.9
2021-01-23T11:00,1.4,0.00,0.00,0.00,100,8.7,11.4
2021-01-23T12:00,2.4,0.00,0.00,0.00,100,11.8,16.7
2021-01-23T13:00,3.3,0.00,0.00,0.00,100,12.5,17.7
2021-01-23T14:00,3.6,0.00,0.00,0.00,47,12.8,18.2
2021-01-23T15:00,3.8,0.00,0.00,0.00,21,15.5,22.7
2021-01-23T16:00,3.5,0.00,0.00,0.00,19,11.8,22.5
2021-01-23T17:00,2.5,0.00,0.00,0.00,17,11.8,25.0
2021-01-23T18:00,1.8,0.00,0.00,0.00,19,12.7,26.5
2021-01-23T19:00,1.4,0.00,0.00,0.00,2,11.8,25.0
2021-01-23T20:00,0.7,0.00,0.00,0.00,0,11.0,24.5
2021-01-23T21:00,0.3,0.00,0.00,0.00,0,11.6,25.2
2021-01-23T22:00,0.1,0.00,0.00,0.00,4,10.6,22.5
2021-01-23T23:00,-0.1,0.00,0.00,0.00,4,10.4,21.7
2021-01-24T00:00,-0.5,0.00,0.00,0.00,1,9.8,20.7
2021-01-24T01:00,-1.2,0.00,0.00,0.00,1,8.4,18.6
2021-01-24T02:00,-1.8,0.00,0.00,0.00,4,7.7,16.7
2021-01-24T03:00,-2.6,0.00,0.00,0.00,20,7.4,16.1
2021-01-24T04:00,-2.9,0.00,0.00,0.00,65,7.6,17.6
2021-01-24T05:00,-2.3,0.00,0.00,0.00,84,5.2,13.3
2021-01-24T06:00,-1.8,0.00,0.00,0.00,89,8.1,13.3
2021-01-24T07:00,-1.2,0.00,0.00,0.00,87,12.1,23.0
2021-01-24T08:00,-0.8,0.00,0.00,0.00,89,11.5,24.0
2021-01-24T09:00,-0.1,0.20,0.10,0.07,88,13.8,25.5
2021-01-24T10:00,1.2,0.60,0.10,0.35,90,12.6,23.2
2021-01-24T11:00,1.5,1.20,0.10,0.77,100,12.1,22.7
2021-01-24T12:00,1.4,1.20,0.20,0.70,100,14.0,21.9
2021-01-24T13:00,1.7,0.80,0.20,0.42,100,12.4,18.4
2021-01-24T14:00,2.1,0.40,0.30,0.07,100,6.6,9.0
2021-01-24T15:00,2.6,0.10,0.10,0.00,100,9.1,15.1
2021-01-24T16:00,2.2,0.00,0.00,0.00,100,9.1,16.6
2021-01-24T17:00,2.0,0.00,0.00,0.00,100,8.3,15.6
2021-01-24T18:00,1.7,0.00,0.00,0.00,70,8.7,15.6
2021-01-24T19:00,1.6,0.00,0.00,0.00,62,10.1,16.8
2021-01-24T20:00,1.6,0.00,0.00,0.00,89,11.1,19.1
2021-01-24T21:00,1.9,0.00,0.00,0.07,100,13.1,22.8
2021-01-24T22:00,1.8,0.20,0.00,0.14,66,11.9,22.4
2021-01-24T23:00,1.3,0.00,0.00,0.00,52,15.9,29.1
2021-01-25T00:00,1.2,0.00,0.00,0.00,68,17.3,31.4
2021-01-25T01:00,1.1,0.00,0.00,0.00,79,18.0,32.0
2021-01-25T02:00,0.5,0.00,0.00,0.00,78,17.8,32.1
2021-01-25T03:00,0.1,0.00,0.00,0.00,25,17.1,31.4
2021-01-25T04:00,-0.4,0.00,0.00,0.00,2,16.1,30.7
2021-01-25T05:00,-1.1,0.00,0.00,0.00,0,15.5,30.6
2021-01-25T06:00,-1.6,0.00,0.00,0.00,0,15.2,30.3
2021-01-25T07:00,-2.1,0.00,0.00,0.00,0,13.0,27.7
2021-01-25T08:00,-2.4,0.00,0.00,0.00,0,12.1,26.2
2021-01-25T09:00,-1.4,0.00,0.00,0.00,0,13.5,26.2
2021-01-25T10:00,0.5,0.00,0.00,0.00,0,14.6,27.3
2021-01-25T11:00,2.1,0.00,0.00,0.00,0,15.3,23.9
2021-01-25T12:00,3.2,0.00,0.00,0.00,0,16.3,24.1
2021-01-25T13:00,4.2,0.00,0.00,0.00,0,17.4,25.3
2021-01-25T14:00,4.9,0.00,0.00,0.00,0,18.3,27.1
2021-01-25T15:00,5.0,0.00,0.00,0.00,0,18.2,29.4
2021-01-25T16:00,4.2,0.00,0.00,0.00,0,17.1,29.9
2021-01-25T17:00,3.3,0.00,0.00,0.00,1,16.2,30.3
2021-01-25T18:00,2.7,0.00,0.00,0.00,2,15.3,29.6
2021-01-25T19:00,2.4,0.00,0.00,0.00,4,15.5,30.7
2021-01-25T20:00,2.1,0.00,0.00,0.00,1,15.9,30.9
2021-01-25T21:00,1.5,0.00,0.00,0.00,1,15.2,30.3
2021-01-25T22:00,1.2,0.00,0.00,0.00,0,13.7,28.4
2021-01-25T23:00,0.9,0.00,0.00,0.00,1,12.3,26.3
2021-01-26T00:00,0.4,0.00,0.00,0.00,12,12.5,26.3
2021-01-26T01:00,0.1,0.00,0.00,0.00,39,12.6,26.4
2021-01-26T02:00,-0.0,0.00,0.00,0.00,22,12.9,27.1
2021-01-26T03:00,-0.2,0.00,0.00,0.00,30,12.1,26.3
2021-01-26T04:00,-0.3,0.00,0.00,0.00,69,10.4,24.1
2021-01-26T05:00,0.0,0.00,0.00,0.00,89,11.1,24.8
2021-01-26T06:00,0.4,0.00,0.00,0.00,88,9.8,22.8
2021-01-26T07:00,0.5,0.00,0.00,0.00,92,8.2,21.0
2021-01-26T08:00,0.7,0.00,0.00,0.00,89,7.4,18.4
2021-01-26T09:00,1.1,0.00,0.00,0.00,89,8.5,18.3
2021-01-26T10:00,2.2,0.10,0.10,0.00,90,11.4,20.7
2021-01-26T11:00,3.3,0.20,0.20,0.00,100,12.3,22.7
2021-01-26T12:00,3.9,0.10,0.10,0.00,100,13.3,25.1
2021-01-26T13:00,4.5,0.20,0.20,0.00,100,14.5,26.6
2021-01-26T14:00,4.9,0.20,0.20,0.00,100,16.2,27.8
2021-01-26T15:00,5.2,0.10,0.10,0.00,100,16.8,28.6
2021-01-26T16:00,5.0,0.20,0.20,0.00,100,18.9,31.7
2021-01-26T17:00,4.8,0.30,0.30,0.00,100,19.6,33.3
2021-01-26T18:00,4.9,0.10,0.10,0.00,100,21.5,36.2
2021-01-26T19:00,5.1,0.40,0.40,0.00,100,21.7,36.2
2021-01-26T20:00,5.3,0.00,0.00,0.00,100,21.8,36.6
2021-01-26T21:00,5.4,0.10,0.10,0.00,100,21.6,36.9
2021-01-26T22:00,5.8,0.20,0.20,0.00,100,20.5,34.8
2021-01-26T23:00,6.1,0.00,0.00,0.00,100,16.8,29.7
2021-01-27T00:00,6.6,0.00,0.00,0.00,100,13.2,24.2
2021-01-27T01:00,7.0,0.00,0.00,0.00,100,11.6,21.8
2021-01-27T02:00,7.2,0.00,0.00,0.00,100,11.3,21.3
2021-01-27T03:00,7.3,0.00,0.00,0.00,100,11.2,21.4
2021-01-27T04:00,7.2,0.00,0.00,0.00,100,11.2,21.2
2021-01-27T05:00,7.1,0.00,0.00,0.00,100,11.2,21.3
2021-01-27T06:00,7.2,0.00,0.00,0.00,100,10.1,20.2
2021-01-27T07:00,7.2,0.00,0.00,0.00,100,8.3,16.8
2021-01-27T08:00,7.2,0.00,0.00,0.00,100,9.5,18.7
2021-01-27T09:00,7.4,0.00,0.00,0.00,100,7.6,14.5
2021-01-27T10:00,8.2,0.00,0.00,0.00,100,11.2,18.4
2021-01-27T11:00,8.9,0.00,0.00,0.00,100,12.0,16.8
2021-01-27T12:00,9.2,0.00,0.00,0.00,100,12.3,17.2
2021-01-27T13:00,9.7,0.00,0.00,0.00,100,10.8,15.0
2021-01-27T14:00,9.9,0.00,0.00,0.00,100,10.2,15.5
2021-01-27T15:00,10.0,0.00,0.00,0.00,100,7.9,13.2
2021-01-27T16:00,9.4,0.00,0.00,0.00,100,5.0,10.0
2021-01-27T17:00,9.1,0.00,0.00,0.00,100,5.6,10.6
2021-01-27T18:00,8.6,0.00,0.00,0.00,100,6.1,10.7
2021-01-27T19:00,8.6,0.20,0.20,0.00,100,6.6,11.2
2021-01-27T20:00,8.7,0.40,0.40,0.00,100,5.8,11.3
2021-01-27T21:00,8.7,0.60,0.60,0.00,100,5.8,11.4
2021-01-27T22:00,8.6,0.80,0.80,0.00,100,7.7,13.9
2021-01-27T23:00,8.6,0.60,0.60,0.00,100,8.4,15.8
2021-01-28T00:00,8.5,0.40,0.40,0.00,100,10.4,19.4
2021-01-28T01:00,8.5,0.70,0.70,0.00,100,13.0,23.1
2021-01-28T02:00,8.5,1.30,1.30,0.00,100,11.2,20.5
2021-01-28T03:00,8.9,0.80,0.80,0.00,100,13.4,24.4
2021-01-28T04:00,9.5,2.00,2.00,0.00,100,19.4,32.1
2021-01-28T05:00,9.8,0.80,0.80,0.00,100,17.7,30.0
2021-01-28T06:00,10.2,0.00,0.00,0.00,100,18.6,32.4
2021-01-28T07:00,10.7,0.60,0.60,0.00,100,22.0,36.6
2021-01-28T08:00,11.0,0.00,0.00,0.00,100,25.4,41.6
2021-01-28T09:00,11.2,0.00,0.00,0.00,94,27.0,42.7
2021-01-28T10:00,11.6,0.00,0.00,0.00,90,25.8,39.4
2021-01-28T11:00,11.9,0.00,0.00,0.00,100,26.3,39.9
2021-01-28T12:00,12.0,0.00,0.00,0.00,100,24.9,37.8
2021-01-28T13:00,12.1,0.00,0.00,0.00,92,23.9,36.9
2021-01-28T14:00,12.3,0.00,0.00,0.00,87,21.6,33.9
2021-01-28T15:00,12.1,0.00,0.00,0.00,100,20.3,32.5
2021-01-28T16:00,11.7,0.00,0.00,0.00,100,18.1,30.0
2021-01-28T17:00,11.3,0.00,0.00,0.00,100,14.4,26.2
2021-01-28T18:00,11.0,0.00,0.00,0.00,100,14.0,24.9
2021-01-28T19:00,10.7,0.10,0.10,0.00,100,15.1,25.2
2021-01-28T20:00,10.6,0.00,0.00,0.00,100,15.9,26.9
2021-01-28T21:00,10.7,0.30,0.30,0.00,100,15.6,26.6
2021-01-28T22:00,10.6,1.20,1.20,0.00,91,15.1,26.3
2021-01-28T23:00,10.4,2.70,2.70,0.00,100,19.0,33.5
2021-01-29T00:00,10.5,3.60,3.60,0.00,100,20.3,35.1
2021-01-29T01:00,10.5,0.90,0.90,0.00,100,22.2,37.5
2021-01-29T02:00,10.2,0.00,0.00,0.00,100,24.3,39.8
2021-01-29T03:00,9.6,0.00,0.00,0.00,72,25.6,42.1
2021-01-29T04:00,9.3,0.00,0.00,0.00,85,24.7,41.3
2021-01-29T05:00,9.1,0.00,0.00,0.00,89,23.7,39.0
2021-01-29T06:00,9.3,0.00,0.00,0.00,94,22.9,38.1
2021-01-29T07:00,8.8,0.00,0.00,0.00,51,22.9,37.9
2021-01-29T08:00,8.4,0.00,0.00,0.00,52,21.3,36.4
2021-01-29T09:00,8.5,0.10,0.10,0.00,100,19.4,32.9
2021-01-29T10:00,8.9,0.30,0.30,0.00,100,12.7,22.2
2021-01-29T11:00,8.6,0.40,0.40,0.00,100,14.0,23.8
2021-01-29T12:00,9.4,0.00,0.00,0.00,100,20.3,32.1
2021-01-29T13:00,10.2,0.00,0.00,0.00,57,21.7,34.2
2021-01-29T14:00,10.5,0.00,0.00,0.00,49,19.1,29.5
2021-01-29T15:00,10.6,0.00,0.00,0.00,61,16.8,27.8
2021-01-29T16:00,10.2,0.00,0.00,0.00,62,16.6,28.1
2021-01-29T17:00,9.6,0.00,0.00,0.00,77,16.0,28.5
2021-01-29T18:00,9.6,0.00,0.00,0.00,100,18.7,32.0
2021-01-29T19:00,9.6,0.00,0.00,0.00,100,16.8,28.9
2021-01-29T20:00,9.0,0.00,0.00,0.00,100,16.3,28.1
2021-01-29T21:00,8.7,0.00,0.00,0.00,100,14.8,25.5
2021-01-29T22:00,8.6,0.00,0.00,0.00,100,11.0,20.6
2021-01-29T23:00,8.3,0.00,0.00,0.00,100,9.4,19.3
2021-01-30T00:00,8.1,0.00,0.00,0.00,100,8.2,17.2
2021-01-30T01:00,7.8,0.00,0.00,0.00,100,5.5,12.5
2021-01-30T02:00,7.6,0.00,0.00,0.00,100,6.8,13.2
2021-01-30T03:00,7.3,0.30,0.30,0.00,100,6.1,11.4
2021-01-30T04:00,7.0,0.60,0.60,0.00,100,8.5,15.3
2021-01-30T05:00,6.6,1.00,1.00,0.00,100,15.0,25.6
2021-01-30T06:00,6.2,1.30,1.30,0.00,100,20.5,34.1
2021-01-30T07:00,6.0,1.50,1.50,0.00,100,22.6,37.3
2021-01-30T08:00,5.7,1.50,1.50,0.00,100,23.6,38.3
2021-01-30T09:00,5.2,1.30,1.30,0.00,100,24.4,39.5
2021-01-30T10:00,4.5,1.00,1.00,0.00,100,21.9,35.0
2021-01-30T11:00,4.0,0.90,0.90,0.00,100,21.6,34.6
2021-01-30T12:00,3.9,1.00,1.00,0.00,100,21.6,34.0
2021-01-30T13:00,3.9,0.90,0.90,0.00,100,24.9,38.7
2021-01-30T14:00,3.8,0.80,0.80,0.00,100,26.1,40.2
2021-01-30T15:00,3.7,0.50,0.50,0.00,100,25.1,38.6
2021-01-30T16:00,3.5,0.30,0.30,0.00,100,23.4,37.7
2021-01-30T17:00,3.3,0.20,0.20,0.00,100,24.5,39.8
2021-01-30T18:00,3.3,0.00,0.00,0.00,100,26.7,43.5
2021-01-30T19:00,3.5,0.00,0.00,0.00,100,26.7,43.9
2021-01-30T20:00,3.7,0.00,0.00,0.00,83,26.2,43.0
2021-01-30T21:00,3.8,0.00,0.00,0.00,93,25.6,42.2
2021-01-30T22:00,3.6,0.00,0.00,0.00,63,22.6,36.9
2021-01-30T23:00,3.4,0.00,0.00,0.00,55,22.6,37.0
2021-01-31T00:00,3.2,0.00,0.00,0.00,34,22.4,37.2
2021-01-31T01:00,2.8,0.00,0.00,0.00,19,21.3,36.1
2021-01-31T02:00,2.4,0.00,0.00,0.00,26,19.8,34.6
2021-01-31T03:00,1.9,0.00,0.00,0.00,31,18.3,32.7
2021-01-31T04:00,1.5,0.00,0.00,0.00,33,17.2,30.9
2021-01-31T05:00,1.2,0.00,0.00,0.00,36,16.8,29.8
2021-01-31T06:00,0.9,0.00,0.00,0.00,37,16.8,29.8
2021-01-31T07:00,0.7,0.00,0.00,0.00,34,16.2,29.2
2021-01-31T08:00,0.7,0.00,0.00,0.00,54,16.6,30.2
2021-01-31T09:00,1.8,0.00,0.00,0.00,65,16.7,28.9
2021-01-31T10:00,2.7,0.00,0.00,0.00,56,14.9,23.4
2021-01-31T11:00,3.2,0.00,0.00,0.00,100,19.2,28.0
2021-01-31T12:00,3.2,0.00,0.00,0.00,100,17.7,25.4
2021-01-31T13:00,3.3,0.00,0.00,0.00,100,18.0,26.0
2021-01-31T14:00,3.0,0.20,0.20,0.00,100,16.6,24.2
2021-01-31T15:00,2.6,0.20,0.20,0.00,100,16.2,24.1
2021-01-31T16:00,2.5,0.20,0.20,0.00,100,15.5,23.4
2021-01-31T17:00,2.4,0.20,0.20,0.00,100,14.8,23.4
2021-01-31T18:00,2.3,0.30,0.30,0.00,100,13.7,22.7
2021-01-31T19:00,2.3,0.30,0.30,0.00,100,12.3,20.5
2021-01-31T20:00,2.6,0.40,0.40,0.00,100,10.2,16.9
2021-01-31T21:00,2.8,0.30,0.30,0.00,100,10.0,16.3
2021-01-31T22:00,3.1,0.10,0.10,0.00,100,10.7,18.2
2021-01-31T23:00,3.2,0.00,0.00,0.00,100,10.9,19.1

time,precipitation_sum (mm),rain_sum (mm),snowfall_sum (cm),precipitation_hours (h),windspeed_10m_max (km/h),windgusts_10m_max (km/h)
2021-01-01,0.70,0.70,0.00,4.0,11.5,24.1
2021-01-02,0.00,0.00,0.00,0.0,13.9,28.4
2021-01-03,0.00,0.00,0.00,0.0,18.0,36.7
2021-01-04,2.10,2.10,0.00,8.0,25.9,48.6
2021-01-05,2.00,2.00,0.00,13.0,26.0,43.9
2021-01-06,0.60,0.50,0.07,3.0,18.7,36.0
2021-01-07,0.00,0.00,0.00,0.0,11.2,22.0
2021-01-08,0.00,0.00,0.00,0.0,8.8,18.4
2021-01-09,0.00,0.00,0.00,0.0,9.8,19.4
2021-01-10,0.00,0.00,0.00,0.0,11.9,22.7
2021-01-11,1.00,1.00,0.00,3.0,26.2,51.8
2021-01-12,4.10,4.10,0.00,10.0,29.4,54.7
2021-01-13,5.30,5.30,0.00,13.0,16.2,29.2
2021-01-14,25.30,25.30,0.00,20.0,15.7,33.1
2021-01-15,0.00,0.00,0.00,0.0,13.1,25.9
2021-01-16,6.40,4.20,1.54,10.0,25.6,48.2
2021-01-17,0.00,0.00,0.00,0.0,20.7,45.0
2021-01-18,2.90,2.90,0.00,4.0,25.0,47.9
2021-01-19,3.20,3.20,0.00,11.0,33.2,63.4
2021-01-20,8.60,8.60,0.00,19.0,36.7,85.3
2021-01-21,2.10,2.10,0.00,5.0,40.1,73.4
2021-01-22,0.90,0.90,0.00,3.0,16.1,28.4
2021-01-23,0.00,0.00,0.00,0.0,15.5,32.0
2021-01-24,4.70,1.10,2.59,8.0,15.9,39.2
2021-01-25,0.00,0.00,0.00,0.0,18.3,34.9
2021-01-26,2.20,2.20,0.00,12.0,21.8,45.0
2021-01-27,2.60,2.60,0.00,5.0,13.2,34.2
2021-01-28,10.90,10.90,0.00,11.0,27.0,52.2
2021-01-29,5.30,5.30,0.00,5.0,25.6,52.2
2021-01-30,13.10,13.10,0.00,15.0,26.7,56.2
2021-01-31,2.20,2.20,0.00,9.0,22.4,45.0
